File Name,Contains Keyword
19,0
438,0
45,0
265,0
35,0
26,0
237,0
85,0
174,0
286,0
429,0
122,0
109,0
420,0
53,0
427,0
120,0
18,0
387,0
435,0
119,0
210,0
306,0
412,0
355,0
213,0
342,0
183,0
23,1
89,0
311,0
67,0
118,0
490,0
193,0
323,0
392,0
114,0
318,0
349,0
290,0
469,0
46,0
58,0
149,0
383,0
228,0
467,0
485,0
191,0
409,0
36,0
479,0
335,0
90,0
17,0
430,0
273,1
345,0
181,0
62,0
269,0
371,0
156,0
304,0
407,0
143,0
417,0
220,0
267,0
253,0
386,0
105,0
87,0
73,0
9,1
205,0
116,0
39,0
177,0
260,0
481,0
331,0
384,0
452,0
317,0
319,0
448,0
486,0
489,0
206,0
178,1
151,0
477,0
325,0
395,0
466,0
56,0
117,0
488,0
403,0
101,0
222,0
471,0
391,1
460,0
49,0
380,0
164,1
385,0
259,0
256,0
457,0
218,0
75,0
209,0
81,0
446,0
159,0
241,0
292,0
340,0
34,0
161,0
254,0
307,1
163,0
32,0
243,0
20,0
275,0
377,0
390,0
347,0
368,0
157,0
352,0
324,0
47,0
382,0
277,0
42,0
194,0
133,0
40,1
113,0
372,0
468,0
79,0
169,1
6,0
262,0
91,0
484,0
404,0
148,0
57,0
251,0
367,0
289,0
288,0
276,0
346,0
413,0
370,0
7,0
168,1
64,0
337,1
416,0
437,0
130,0
88,0
263,0
13,0
453,0
225,0
299,0
332,0
365,0
70,1
465,0
301,0
443,0
176,0
422,0
431,0
15,0
155,0
125,1
111,0
362,0
376,0
65,0
398,0
464,0
482,0
249,0
129,0
268,0
199,0
316,0
227,0
92,0
170,0
140,0
264,0
250,0
359,0
123,0
147,0
320,0
152,0
402,0
272,0
217,0
110,0
375,0
279,1
444,0
229,0
202,0
162,0
450,0
281,0
414,0
258,1
302,0
491,0
187,0
411,0
145,0
98,0
341,0
439,0
55,0
97,0
454,0
74,1
112,0
310,0
378,0
201,0
298,0
381,1
48,0
226,1
397,0
246,0
455,0
232,0
25,0
197,0
278,0
326,0
211,0
182,0
233,0
344,0
470,0
309,0
357,0
405,0
165,0
480,0
8,0
327,1
134,0
219,0
458,0
100,0
63,0
78,0
418,0
150,0
214,0
144,0
334,0
287,0
172,0
474,0
369,0
29,1
153,0
401,0
50,0
186,0
76,0
204,0
330,1
171,0
240,0
449,0
137,0
124,1
212,0
285,0
428,0
83,0
66,0
126,1
38,0
198,0
24,0
393,0
102,0
27,0
0,0
132,0
313,0
400,0
37,0
462,1
473,0
336,1
69,0
274,0
339,1
221,0
245,0
215,0
280,0
108,0
242,0
43,0
410,0
chaincode,0
224,0
266,0
180,0
4,0
493,0
338,1
441,0
322,0
107,0
166,0
208,1
426,0
361,0
257,0
459,0
329,1
16,1
463,0
160,0
86,0
135,0
59,1
388,1
360,0
84,0
356,0
128,0
28,1
282,0
192,0
447,0
293,0
5,0
235,0
247,0
216,0
184,0
131,0
300,1
158,0
373,0
295,0
103,0
173,0
185,0
271,0
3,1
71,0
483,0
239,0
1,0
296,0
442,0
432,0
30,0
138,0
93,1
51,1
95,1
252,0
94,0
14,0
121,0
231,0
255,0
154,0
476,0
364,0
291,1
61,0
270,0
478,0
363,0
425,0
354,0
167,0
451,0
374,0
104,1
358,0
328,1
2,0
188,0
139,0
440,0
68,0
353,1
434,0
406,0
136,0
175,0
248,0
472,0
60,0
399,0
77,0
115,0
179,0
146,0
351,0
52,0
494,0
423,0
33,0
333,0
236,0
72,0
436,0
244,0
203,0
190,1
10,0
419,0
321,0
200,0
261,0
379,0
305,0
314,0
294,0
196,1
106,0
343,0
234,0
189,0
492,0
394,0
389,0
54,0
207,0
433,0
312,1
21,0
495,0
366,0
99,0
82,0
297,0
44,0
80,0
284,0
230,0
461,0
456,0
348,0
195,0
12,0
238,0
22,0
421,0
96,0
303,0
487,0
396,0
475,0
223,0
127,1
308,0
408,0
445,0
424,0
350,0
31,0
283,0
142,0
11,0
141,0
41,0
415,1
315,0
